{"accuracy/top1": 20.5673770904541, "step": 1}
{"accuracy/top1": 28.723403930664062, "step": 2}
{"accuracy/top1": 20.212766647338867, "step": 3}
{"accuracy/top1": 37.588653564453125, "step": 4}
{"accuracy/top1": 19.858156204223633, "step": 5}
{"accuracy/top1": 30.851064682006836, "step": 6}
{"accuracy/top1": 24.822694778442383, "step": 7}
{"accuracy/top1": 40.425533294677734, "step": 8}
{"accuracy/top1": 59.929080963134766, "step": 9}
{"accuracy/top1": 58.51063919067383, "step": 10}
{"accuracy/top1": 44.32624053955078, "step": 11}
{"accuracy/top1": 39.716312408447266, "step": 12}
{"accuracy/top1": 54.60993194580078, "step": 13}
{"accuracy/top1": 52.482269287109375, "step": 14}
{"accuracy/top1": 38.65248489379883, "step": 15}
{"accuracy/top1": 58.156028747558594, "step": 16}
{"accuracy/top1": 60.283687591552734, "step": 17}
{"accuracy/top1": 30.4964542388916, "step": 18}
{"accuracy/top1": 66.66667175292969, "step": 19}
{"accuracy/top1": 63.120567321777344, "step": 20}
{"accuracy/top1": 65.24822998046875, "step": 21}
{"accuracy/top1": 57.092201232910156, "step": 22}
{"accuracy/top1": 61.34751892089844, "step": 23}
{"accuracy/top1": 52.482269287109375, "step": 24}
{"accuracy/top1": 41.48936080932617, "step": 25}
{"accuracy/top1": 66.66667175292969, "step": 26}
{"accuracy/top1": 65.95745086669922, "step": 27}
{"accuracy/top1": 49.645389556884766, "step": 28}
{"accuracy/top1": 52.12765884399414, "step": 29}
{"accuracy/top1": 17.375886917114258, "step": 30}
{"accuracy/top1": 27.659574508666992, "step": 31}
{"accuracy/top1": 49.2907829284668, "step": 32}
{"accuracy/top1": 55.67375946044922, "step": 33}
{"accuracy/top1": 70.2127685546875, "step": 34}
{"accuracy/top1": 74.46808624267578, "step": 35}
{"accuracy/top1": 47.517730712890625, "step": 36}
{"accuracy/top1": 56.38298034667969, "step": 37}
{"accuracy/top1": 65.95745086669922, "step": 38}
{"accuracy/top1": 78.3687973022461, "step": 39}
{"accuracy/top1": 75.88652801513672, "step": 40}
{"accuracy/top1": 72.34042358398438, "step": 41}
{"accuracy/top1": 64.18439483642578, "step": 42}
{"accuracy/top1": 76.24113464355469, "step": 43}
{"accuracy/top1": 75.17730712890625, "step": 44}
{"accuracy/top1": 63.120567321777344, "step": 45}
{"accuracy/top1": 69.14894104003906, "step": 46}
{"accuracy/top1": 69.50354766845703, "step": 47}
{"accuracy/top1": 70.2127685546875, "step": 48}
{"accuracy/top1": 73.40425872802734, "step": 49}
{"accuracy/top1": 64.53900909423828, "step": 50}
{"accuracy/top1": 75.53191375732422, "step": 51}
{"accuracy/top1": 77.65957641601562, "step": 52}
{"accuracy/top1": 80.141845703125, "step": 53}
{"accuracy/top1": 74.11347961425781, "step": 54}
{"accuracy/top1": 68.4397201538086, "step": 55}
{"accuracy/top1": 69.858154296875, "step": 56}
{"accuracy/top1": 77.65957641601562, "step": 57}
{"accuracy/top1": 74.46808624267578, "step": 58}
{"accuracy/top1": 72.69503784179688, "step": 59}
{"accuracy/top1": 79.78723907470703, "step": 60}
{"accuracy/top1": 77.30496978759766, "step": 61}
{"accuracy/top1": 77.30496978759766, "step": 62}
{"accuracy/top1": 80.85106658935547, "step": 63}
{"accuracy/top1": 71.9858169555664, "step": 64}
{"accuracy/top1": 75.88652801513672, "step": 65}
{"accuracy/top1": 74.46808624267578, "step": 66}
{"accuracy/top1": 76.59574890136719, "step": 67}
{"accuracy/top1": 84.39716339111328, "step": 68}
{"accuracy/top1": 84.39716339111328, "step": 69}
{"accuracy/top1": 83.68794250488281, "step": 70}
{"accuracy/top1": 84.75177764892578, "step": 71}
{"accuracy/top1": 79.07801818847656, "step": 72}
{"accuracy/top1": 88.2978744506836, "step": 73}
{"accuracy/top1": 84.39716339111328, "step": 74}
{"accuracy/top1": 86.87943267822266, "step": 75}
{"accuracy/top1": 88.65248107910156, "step": 76}
{"accuracy/top1": 86.87943267822266, "step": 77}
{"accuracy/top1": 88.2978744506836, "step": 78}
{"accuracy/top1": 86.17021179199219, "step": 79}
{"accuracy/top1": 87.23404693603516, "step": 80}
{"accuracy/top1": 80.85106658935547, "step": 81}
{"accuracy/top1": 85.10638427734375, "step": 82}
{"accuracy/top1": 77.65957641601562, "step": 83}
{"accuracy/top1": 82.62411499023438, "step": 84}
{"accuracy/top1": 79.07801818847656, "step": 85}
{"accuracy/top1": 87.58865356445312, "step": 86}
{"accuracy/top1": 87.23404693603516, "step": 87}
{"accuracy/top1": 82.97872161865234, "step": 88}
{"accuracy/top1": 80.141845703125, "step": 89}
{"accuracy/top1": 84.04255676269531, "step": 90}
{"accuracy/top1": 81.9148941040039, "step": 91}
{"accuracy/top1": 83.33333587646484, "step": 92}
{"accuracy/top1": 79.78723907470703, "step": 93}
{"accuracy/top1": 87.23404693603516, "step": 94}
{"accuracy/top1": 84.39716339111328, "step": 95}
{"accuracy/top1": 83.33333587646484, "step": 96}
{"accuracy/top1": 85.81560516357422, "step": 97}
{"accuracy/top1": 83.68794250488281, "step": 98}
{"accuracy/top1": 84.75177764892578, "step": 99}
{"accuracy/top1": 87.58865356445312, "step": 100}
{"accuracy/top1": 84.39716339111328, "step": 101}
{"accuracy/top1": 85.10638427734375, "step": 102}
{"accuracy/top1": 84.39716339111328, "step": 103}
{"accuracy/top1": 87.58865356445312, "step": 104}
{"accuracy/top1": 88.2978744506836, "step": 105}
{"accuracy/top1": 85.81560516357422, "step": 106}
{"accuracy/top1": 87.23404693603516, "step": 107}
{"accuracy/top1": 87.23404693603516, "step": 108}
{"accuracy/top1": 86.52482604980469, "step": 109}
{"accuracy/top1": 89.36170196533203, "step": 110}
{"accuracy/top1": 86.87943267822266, "step": 111}
{"accuracy/top1": 86.87943267822266, "step": 112}
{"accuracy/top1": 86.87943267822266, "step": 113}
{"accuracy/top1": 88.65248107910156, "step": 114}
{"accuracy/top1": 85.10638427734375, "step": 115}
{"accuracy/top1": 88.2978744506836, "step": 116}
{"accuracy/top1": 90.425537109375, "step": 117}
{"accuracy/top1": 90.425537109375, "step": 118}
{"accuracy/top1": 85.46099090576172, "step": 119}
{"accuracy/top1": 89.00709533691406, "step": 120}
{"accuracy/top1": 89.36170196533203, "step": 121}
{"accuracy/top1": 88.65248107910156, "step": 122}
{"accuracy/top1": 88.2978744506836, "step": 123}
{"accuracy/top1": 87.94326782226562, "step": 124}
{"accuracy/top1": 90.0709228515625, "step": 125}
{"accuracy/top1": 90.0709228515625, "step": 126}
{"accuracy/top1": 89.00709533691406, "step": 127}
{"accuracy/top1": 89.71631622314453, "step": 128}
{"accuracy/top1": 90.78014373779297, "step": 129}
{"accuracy/top1": 91.48936462402344, "step": 130}
{"accuracy/top1": 88.65248107910156, "step": 131}
{"accuracy/top1": 89.00709533691406, "step": 132}
{"accuracy/top1": 87.94326782226562, "step": 133}
{"accuracy/top1": 91.48936462402344, "step": 134}
{"accuracy/top1": 92.90780639648438, "step": 135}
{"accuracy/top1": 89.00709533691406, "step": 136}
{"accuracy/top1": 91.8439712524414, "step": 137}
{"accuracy/top1": 90.425537109375, "step": 138}
{"accuracy/top1": 90.78014373779297, "step": 139}
{"accuracy/top1": 92.1985855102539, "step": 140}
{"accuracy/top1": 88.2978744506836, "step": 141}
{"accuracy/top1": 87.94326782226562, "step": 142}
{"accuracy/top1": 87.94326782226562, "step": 143}
{"accuracy/top1": 89.00709533691406, "step": 144}
{"accuracy/top1": 90.0709228515625, "step": 145}
{"accuracy/top1": 92.90780639648438, "step": 146}
{"accuracy/top1": 91.13475036621094, "step": 147}
{"accuracy/top1": 90.425537109375, "step": 148}
{"accuracy/top1": 90.78014373779297, "step": 149}
{"accuracy/top1": 91.48936462402344, "step": 150}
{"accuracy/top1": 89.71631622314453, "step": 151}
{"accuracy/top1": 91.13475036621094, "step": 152}
{"accuracy/top1": 89.36170196533203, "step": 153}
{"accuracy/top1": 89.00709533691406, "step": 154}
{"accuracy/top1": 89.71631622314453, "step": 155}
{"accuracy/top1": 90.0709228515625, "step": 156}
{"accuracy/top1": 89.71631622314453, "step": 157}
{"accuracy/top1": 89.71631622314453, "step": 158}
{"accuracy/top1": 88.65248107910156, "step": 159}
{"accuracy/top1": 90.78014373779297, "step": 160}
{"accuracy/top1": 91.8439712524414, "step": 161}
